id,stratum,scenario,request,gold,ft_answer,ft_differs,api_system,api_answer,api_differs,category,note
6725,"ft right, groq-qwen3.8-27b-k10 wrong",calendar,remind me about my schedule for the afternoon,calendar_set | timeofday=afternoon,calendar_set | timeofday=afternoon,none,groq-qwen3.8-27b-k10,calendar_set | timeofday=the afternoon,timeofday 'the afternoon' (gold 'afternoon'),,
7039,"ft right, groq-qwen3.8-27b-k10 wrong",calendar,set me a meeting next tuesday at eleven am with jesse,calendar_set | event_name=meeting; date=tuesday; time=eleven am; person=jesse,calendar_set | event_name=meeting; date=tuesday; time=eleven am; person=jesse,none,groq-qwen3.8-27b-k10,calendar_set | event_name=meeting; date=next tuesday; time=eleven am; person=jesse,date 'next tuesday' (gold 'tuesday'),,
7209,"ft right, groq-qwen3.8-27b-k10 wrong",calendar,can you remind me to take the garbage out on tuesday,calendar_set | event_name=garbage out; date=tuesday,calendar_set | event_name=garbage out; date=tuesday,none,groq-qwen3.8-27b-k10,calendar_set | event_name=take the garbage out; date=tuesday,event_name 'take the garbage out' (gold 'garbage out'),,
7292,"ft right, groq-qwen3.8-27b-k10 wrong",calendar,i am unavailable from four to six in the evening tomorrow mark my calendar,calendar_set | time=four; time=six; timeofday=evening; date=tomorrow,calendar_set | time=four; time=six; timeofday=evening; date=tomorrow,none,groq-qwen3.8-27b-k10,calendar_set | time=four to six; timeofday=evening; date=tomorrow,time 'four to six' (gold 'four'); missing time=six,,
7556,"ft right, groq-qwen3.8-27b-k10 wrong",calendar,set my calendar to remind me to buy groceries every friday,calendar_set | event_name=buy groceries; general_frequency=every friday,calendar_set | event_name=buy groceries; general_frequency=every friday,none,groq-qwen3.8-27b-k10,calendar_set | event_name=to buy groceries; general_frequency=every friday,event_name 'to buy groceries' (gold 'buy groceries'),,
7557,"ft right, groq-qwen3.8-27b-k10 wrong",calendar,make a reminder of location a on calendar,calendar_set,calendar_set,none,groq-qwen3.8-27b-k10,calendar_set | place_name=location a,extra place_name=location a,,
7730,"ft right, groq-qwen3.8-27b-k10 wrong",calendar,i need you to mark next monday,calendar_set | date=monday,calendar_set | date=monday,none,groq-qwen3.8-27b-k10,calendar_set | date=next monday,date 'next monday' (gold 'monday'),,
8079,"ft right, groq-qwen3.8-27b-k10 wrong",calendar,set a reminder in one hour for my bread to bake,calendar_set | time=one hour; event_name=bread to bake,calendar_set | time=one hour; event_name=bread to bake,none,groq-qwen3.8-27b-k10,calendar_set | time=in one hour; event_name=my bread to bake,event_name 'my bread to bake' (gold 'bread to bake'); time 'in one hour' (gold 'one hour'),,
8230,"ft right, groq-qwen3.8-27b-k10 wrong",calendar,how long will my lunch meeting be on tuesday,calendar_query | event_name=lunch meeting; date=tuesday,calendar_query | event_name=lunch meeting; date=tuesday,none,groq-qwen3.8-27b-k10,calendar_query | meal_type=lunch; event_name=meeting; date=tuesday,event_name 'meeting' (gold 'lunch meeting'); extra meal_type=lunch,,
8598,"ft right, groq-qwen3.8-27b-k10 wrong",calendar,remind me to pick up mark at the airport at six p. m.,calendar_set | event_name=pick up mark; place_name=airport; time=six p. m.,calendar_set | event_name=pick up mark; place_name=airport; time=six p. m.,none,groq-qwen3.8-27b-k10,calendar_set | event_name=pick up mark at the airport; time=six p. m.,event_name 'pick up mark at the airport' (gold 'pick up mark'); missing place_name=airport,,
8960,"ft right, groq-qwen3.8-27b-k10 wrong",calendar,i want you to make alert in the evening about upcoming meeting,calendar_set | timeofday=evening; event_name=meeting,calendar_set | timeofday=evening; event_name=meeting,none,groq-qwen3.8-27b-k10,calendar_set | timeofday=the evening; event_name=upcoming meeting,event_name 'upcoming meeting' (gold 'meeting'); timeofday 'the evening' (gold 'evening'),,
8968,"ft right, groq-qwen3.8-27b-k10 wrong",calendar,tell me something to remind this week,calendar_set | date=this week,calendar_set | date=this week,none,groq-qwen3.8-27b-k10,calendar_query | date=this week,intent calendar_query (gold calendar_set),,
9986,"ft right, groq-qwen3.8-27b-k10 wrong",cooking,boiling,cooking_recipe | cooking_type=boiling,cooking_recipe | cooking_type=boiling,none,groq-qwen3.8-27b-k10,cooking_recipe,missing cooking_type=boiling,,
10077,"ft right, groq-qwen3.8-27b-k10 wrong",cooking,find a recipe for dinner tonight,cooking_recipe | meal_type=dinner; timeofday=tonight,cooking_recipe | meal_type=dinner; timeofday=tonight,none,groq-qwen3.8-27b-k10,cooking_recipe | meal_type=dinner,missing timeofday=tonight,,
1266,"ft right, groq-qwen3.8-27b-k10 wrong",datetime,if it's five am in berlin what time is it here,datetime_convert | time=five am; place_name=berlin,datetime_convert | time=five am; place_name=berlin,none,groq-qwen3.8-27b-k10,datetime_convert | time=five am; place_name=berlin; place_name=here,extra place_name=here,,
5497,"ft right, groq-qwen3.8-27b-k10 wrong",datetime,what is the time difference between california and new york,datetime_convert | place_name=california; place_name=new york,datetime_convert | place_name=california; place_name=new york,none,groq-qwen3.8-27b-k10,datetime_query | place_name=california; place_name=new york,intent datetime_query (gold datetime_convert),,
15756,"ft right, groq-qwen3.8-27b-k10 wrong",email,please email my team,email_sendemail | relation=team,email_sendemail | relation=team,none,groq-qwen3.8-27b-k10,email_sendemail | relation=my team,relation 'my team' (gold 'team'),,
16356,"ft right, groq-qwen3.8-27b-k10 wrong",email,did i email tom on the subject of gun control,email_query | person=tom,email_query | person=tom,none,groq-qwen3.8-27b-k10,email_query | person=tom; news_topic=gun control,extra news_topic=gun control,,
16506,"ft right, groq-qwen3.8-27b-k10 wrong",email,add new email address and send email,email_sendemail,email_sendemail,none,groq-qwen3.8-27b-k10,email_addcontact,intent email_addcontact (gold email_sendemail),,
16763,"ft right, groq-qwen3.8-27b-k10 wrong",email,emails in the last ten minutes,email_query | time=last ten minutes,email_query | time=last ten minutes,none,groq-qwen3.8-27b-k10,email_query | time=the last ten minutes,time 'the last ten minutes' (gold 'last ten minutes'),,
17123,"ft right, groq-qwen3.8-27b-k10 wrong",email,email form for regional v. p.,email_sendemail | relation=regional v. p.,email_sendemail | relation=regional v. p.,none,groq-qwen3.8-27b-k10,email_sendemail | person=regional v. p.,'regional v. p.' as person (gold relation),,
6322,"ft right, groq-qwen3.8-27b-k10 wrong",general,please tell me the score of the game,general_quirky,general_quirky,none,groq-qwen3.8-27b-k10,news_query | news_topic=score of the game,intent news_query (gold general_quirky); extra news_topic=score of the game,,
6353,"ft right, groq-qwen3.8-27b-k10 wrong",general,i need to buy gas,general_quirky,general_quirky,none,groq-qwen3.8-27b-k10,recommendation_locations | business_type=gas,intent recommendation_locations (gold general_quirky); extra business_type=gas,,
6446,"ft right, groq-qwen3.8-27b-k10 wrong",general,is there a groomer in town for cats only,general_quirky,general_quirky,none,groq-qwen3.8-27b-k10,recommendation_locations | business_type=groomer; place_name=town; food_type=cats,intent recommendation_locations (gold general_quirky); extra business_type=groomer; extra food_type=cats; extra place_name=town,,
6516,"ft right, groq-qwen3.8-27b-k10 wrong",general,has it been a busy day,general_quirky,general_quirky,none,groq-qwen3.8-27b-k10,general_quirky | date=today,extra date=today,,
6670,"ft right, groq-qwen3.8-27b-k10 wrong",general,do you know of any good free knitting patterns,general_quirky,general_quirky,none,groq-qwen3.8-27b-k10,cooking_recipe,intent cooking_recipe (gold general_quirky),,
13083,"ft right, groq-qwen3.8-27b-k10 wrong",general,drive the car and bring my friends over,general_quirky,general_quirky,none,groq-qwen3.8-27b-k10,transport_taxi | transport_type=car,intent transport_taxi (gold general_quirky); extra transport_type=car,,
13186,"ft right, groq-qwen3.8-27b-k10 wrong",general,i need to talk to mom,general_quirky | relation=mom,general_quirky | relation=mom,none,groq-qwen3.8-27b-k10,email_querycontact | relation=mom,intent email_querycontact (gold general_quirky),,
13341,"ft right, groq-qwen3.8-27b-k10 wrong",general,i want it to remember my preferences and recommend me things based on them when i ask,general_quirky,general_quirky,none,groq-qwen3.8-27b-k10,music_settings,intent music_settings (gold general_quirky),,
10990,"ft right, groq-qwen3.8-27b-k10 wrong",lists,on my to dos remove mop kitchen,lists_remove | list_name=to dos,lists_remove | list_name=to dos,none,groq-qwen3.8-27b-k10,lists_remove | list_name=to dos; house_place=kitchen,extra house_place=kitchen,,
11186,"ft right, groq-qwen3.8-27b-k10 wrong",lists,i have my clothes list,lists_query | list_name=clothes,lists_query | list_name=clothes,none,groq-qwen3.8-27b-k10,lists_query | list_name=clothes list,list_name 'clothes list' (gold 'clothes'),,
5531,"ft right, groq-qwen3.8-27b-k10 wrong",music,the song in background is cool,music_likeness,music_likeness,none,groq-qwen3.8-27b-k10,music_likeness | music_descriptor=background,extra music_descriptor=background,,
969,"ft right, groq-qwen3.8-27b-k10 wrong",news,news articles on a particular subject,news_query,news_query,none,groq-qwen3.8-27b-k10,news_query | news_topic=particular subject,extra news_topic=particular subject,,
1803,"ft right, groq-qwen3.8-27b-k10 wrong",news,which teams are playing today in the premier league,news_query | date=today; news_topic=premier league,news_query | date=today; news_topic=premier league,none,groq-qwen3.8-27b-k10,recommendation_events | date=today; sport_type=premier league,intent recommendation_events (gold news_query); 'premier league' as sport_type (gold news_topic),,
182,"ft right, groq-qwen3.8-27b-k10 wrong",play,play my rock playlist,play_music | music_genre=rock,play_music | music_genre=rock,none,groq-qwen3.8-27b-k10,play_music | playlist_name=rock playlist,missing music_genre=rock; extra playlist_name=rock playlist,,
3859,"ft right, groq-qwen3.8-27b-k10 wrong",play,please put on my favorite rap music playlist,play_music | music_genre=rap,play_music | music_genre=rap,none,groq-qwen3.8-27b-k10,play_music | playlist_name=favorite rap music playlist,missing music_genre=rap; extra playlist_name=favorite rap music playlist,,
3980,"ft right, groq-qwen3.8-27b-k10 wrong",play,please play shape of you by said sheeran,play_music | song_name=shape of you; artist_name=said sheeran,play_music | song_name=shape of you; artist_name=said sheeran,none,groq-qwen3.8-27b-k10,play_music | song_name=shape of you by said sheeran,song_name 'shape of you by said sheeran' (gold 'shape of you'); missing artist_name=said sheeran,,
5134,"ft right, groq-qwen3.8-27b-k10 wrong",play,find songs from my big band playlist,play_music | playlist_name=big band playlist,play_music | playlist_name=big band playlist,none,groq-qwen3.8-27b-k10,music_query | playlist_name=big band playlist,intent music_query (gold play_music),,
5318,"ft right, groq-qwen3.8-27b-k10 wrong",play,please play only are rehman's songs,play_music | artist_name=rehman's,play_music | artist_name=rehman's,none,groq-qwen3.8-27b-k10,play_music | artist_name=are rehman's,artist_name 'are rehman's' (gold 'rehman's'),,
11451,"ft right, groq-qwen3.8-27b-k10 wrong",play,i want to listen to the latest mike and mike podcast,play_podcasts | podcast_name=mike and mike,play_podcasts | podcast_name=mike and mike,none,groq-qwen3.8-27b-k10,play_podcasts | podcast_descriptor=latest; podcast_name=mike and mike,extra podcast_descriptor=latest,,
13693,"ft right, groq-qwen3.8-27b-k10 wrong",qa,where is the prime meridian,qa_factoid,qa_factoid,none,groq-qwen3.8-27b-k10,qa_factoid | place_name=prime meridian,extra place_name=prime meridian,,
14170,"ft right, groq-qwen3.8-27b-k10 wrong",qa,does kim kardashian wear converse,qa_factoid | person=kim kardashian,qa_factoid | person=kim kardashian,none,groq-qwen3.8-27b-k10,qa_factoid | person=kim kardashian; business_name=converse,extra business_name=converse,,
14272,"ft right, groq-qwen3.8-27b-k10 wrong",qa,hey what's a book,qa_definition | definition_word=book,qa_definition | definition_word=book,none,groq-qwen3.8-27b-k10,general_greet | definition_word=book,intent general_greet (gold qa_definition),,
14889,"ft right, groq-qwen3.8-27b-k10 wrong",qa,please describe that object for me,qa_definition,qa_definition,none,groq-qwen3.8-27b-k10,qa_definition | definition_word=that object,extra definition_word=that object,,
7026,"ft right, groq-qwen3.8-27b-k10 wrong",recommendation,what events are going in my town this week,recommendation_events | place_name=town; date=this week,recommendation_events | place_name=town; date=this week,none,groq-qwen3.8-27b-k10,recommendation_events | place_name=my town; date=this week,place_name 'my town' (gold 'town'),,
15686,"ft right, groq-qwen3.8-27b-k10 wrong",social,hello my item which i bought from some one has gone out of order,social_post,social_post,none,groq-qwen3.8-27b-k10,general_greet,intent general_greet (gold social_post),,
6072,"ft right, groq-qwen3.8-27b-k10 wrong",takeaway,how many minutes do i need to wait to pick up my food from china on the go,takeaway_query | business_name=china on the go,takeaway_query | business_name=china on the go,none,groq-qwen3.8-27b-k10,takeaway_query | order_type=pick up; business_name=china on the go,extra order_type=pick up,,
12310,"ft right, groq-qwen3.8-27b-k10 wrong",transport,give me the list of available train tickets from edinburgh to leeds,transport_query | transport_type=train; place_name=edinburgh; place_name=leeds,transport_query | transport_type=train; place_name=edinburgh; place_name=leeds,none,groq-qwen3.8-27b-k10,transport_ticket | transport_type=train; place_name=edinburgh; place_name=leeds,intent transport_ticket (gold transport_query),,
12526,"ft right, groq-qwen3.8-27b-k10 wrong",transport,what is the fastest way to get to starbucks,transport_query | business_name=starbucks,transport_query | business_name=starbucks,none,groq-qwen3.8-27b-k10,transport_traffic | business_name=starbucks,intent transport_traffic (gold transport_query),,
4680,"ft right, groq-qwen3.8-27b-k10 wrong",weather,should i wear sandals or shoes with socks,weather_query | weather_descriptor=sandals or shoes with socks,weather_query | weather_descriptor=sandals or shoes with socks,none,groq-qwen3.8-27b-k10,weather_query | weather_descriptor=sandals; weather_descriptor=shoes with socks,weather_descriptor 'sandals' (gold 'sandals or shoes with socks'); extra weather_descriptor=shoes with socks,,
1509,ft wrong,audio,do not make any noise until morning alarm,audio_volume_mute | timeofday=morning,audio_volume_mute | time=morning alarm,missing timeofday=morning; extra time=morning alarm,groq-qwen3.8-27b-k10,audio_volume_mute | timeofday=morning,none,,
7266,ft wrong,calendar,what are my pending tasks,calendar_query,lists_query,intent lists_query (gold calendar_query),groq-qwen3.8-27b-k10,lists_query | list_name=tasks,intent lists_query (gold calendar_query); extra list_name=tasks,,
7295,ft wrong,calendar,please clear my calendar,calendar_remove | time=clear,calendar_remove,missing time=clear,groq-qwen3.8-27b-k10,calendar_remove,missing time=clear,,
7563,ft wrong,calendar,remind me about the meeting tomorrow one hour before,calendar_set | event_name=meeting; date=tomorrow,calendar_set | event_name=meeting; date=tomorrow; time=one hour before,extra time=one hour before,groq-qwen3.8-27b-k10,calendar_set | event_name=meeting; date=tomorrow; time=one hour,extra time=one hour,,
8261,ft wrong,calendar,send me an alert and hour before my next appointment,calendar_set | time=hour before; event_name=appointment,calendar_set | event_name=appointment,missing time=hour before,groq-qwen3.8-27b-k10,calendar_set | time=hour before; event_name=appointment,none,,
8568,ft wrong,calendar,will you send a calendar invite out to james and alice for brunch at eleven am on tuesday,calendar_set | person=james and alice; event_name=brunch; time=eleven am; date=tuesday,calendar_set | person=james; person=alice; meal_type=brunch; time=eleven am; date=tuesday,person 'alice' (gold 'james and alice'); 'brunch' as meal_type (gold event_name); extra person=james,groq-qwen3.8-27b-k10,calendar_set | person=james and alice; event_name=brunch; time=eleven am; date=tuesday,none,,
8765,ft wrong,calendar,put my dinner at red lobster on the calendar for today at nine,calendar_set | meal_type=dinner; place_name=red lobster; date=today; time=nine,calendar_set | meal_type=dinner; business_name=red lobster; date=today; time=nine,'red lobster' as business_name (gold place_name),groq-qwen3.8-27b-k10,calendar_set | meal_type=dinner; place_name=red lobster; date=today; time=nine,none,,
8992,ft wrong,calendar,show meetings,calendar_set | event_name=meetings,calendar_query | event_name=meetings,intent calendar_query (gold calendar_set),groq-qwen3.8-27b-k10,calendar_query | event_name=meetings,intent calendar_query (gold calendar_set),,
9961,ft wrong,cooking,what is the best oven temperature to roast potatoes,cooking_recipe | cooking_type=roast; ingredient=potatoes,cooking_recipe | food_type=potatoes,'potatoes' as food_type (gold ingredient); missing cooking_type=roast,groq-qwen3.8-27b-k10,cooking_recipe | cooking_type=roast; ingredient=potatoes,none,,
9964,ft wrong,cooking,knowledge about food processing,cooking_recipe,general_quirky,intent general_quirky (gold cooking_recipe),groq-qwen3.8-27b-k10,cooking_recipe,none,,
1191,ft wrong,datetime,if it's sunrise in stockholm what time is it in okinawa,datetime_convert | time=sunrise; place_name=stockholm; place_name=okinawa,datetime_convert | timeofday=sunrise; place_name=stockholm; place_name=okinawa,'sunrise' as timeofday (gold time),groq-qwen3.8-27b-k10,datetime_convert | timeofday=sunrise; place_name=stockholm; place_name=okinawa,'sunrise' as timeofday (gold time),,
5341,ft wrong,datetime,please alert me to the time,datetime_query,alarm_set,intent alarm_set (gold datetime_query),groq-qwen3.8-27b-k10,alarm_set,intent alarm_set (gold datetime_query),,
16158,ft wrong,email,remember this email,email_addcontact,email_sendemail,intent email_sendemail (gold email_addcontact),groq-qwen3.8-27b-k10,email_addcontact,none,,
16222,ft wrong,email,tell me about mary s.,email_querycontact | person=mary s.,qa_factoid | person=mary s.,intent qa_factoid (gold email_querycontact),groq-qwen3.8-27b-k10,email_querycontact | person=mary s.,none,,
16467,ft wrong,email,do i have any new emails from my contact q.,email_query,email_query | person=q.,extra person=q.,groq-qwen3.8-27b-k10,email_query | person=my contact q.,extra person=my contact q.,,
16529,ft wrong,email,check mom's number,email_querycontact | relation=mom's,email_querycontact | relation=mom's; personal_info=number,extra personal_info=number,groq-qwen3.8-27b-k10,email_querycontact | relation=mom's; personal_info=number,extra personal_info=number,,
3127,ft wrong,general,how many tornadoes have there been this month,general_quirky | news_topic=tornadoes; date=this month,qa_factoid | date=this month,intent qa_factoid (gold general_quirky); missing news_topic=tornadoes,groq-qwen3.8-27b-k10,general_quirky | news_topic=tornadoes; date=this month,none,,
6405,ft wrong,general,what sound does a dog make,general_quirky,qa_factoid,intent qa_factoid (gold general_quirky),groq-qwen3.8-27b-k10,qa_factoid | food_type=dog,intent qa_factoid (gold general_quirky); extra food_type=dog,,
6557,ft wrong,general,play videos,general_quirky,(invalid output),no valid answer,groq-qwen3.8-27b-k10,play_music | media_type=videos,intent play_music (gold general_quirky); extra media_type=videos,,
6582,ft wrong,general,hi you there,general_quirky,general_greet,intent general_greet (gold general_quirky),groq-qwen3.8-27b-k10,general_greet,intent general_greet (gold general_quirky),,
6621,ft wrong,general,latest movies in theaters,general_quirky,recommendation_movies | business_type=theaters,intent recommendation_movies (gold general_quirky); extra business_type=theaters,groq-qwen3.8-27b-k10,recommendation_movies | media_type=movies; place_name=theaters,intent recommendation_movies (gold general_quirky); extra media_type=movies; extra place_name=theaters,,
4088,ft wrong,iot,turn off overhead light,iot_hue_lightoff,iot_hue_lightoff | device_type=overhead light,extra device_type=overhead light,groq-qwen3.8-27b-k10,iot_hue_lightoff | house_place=overhead,extra house_place=overhead,,
4154,ft wrong,iot,turn off my wifi,iot_wemo_off,iot_wemo_off | device_type=wifi,extra device_type=wifi,groq-qwen3.8-27b-k10,iot_wemo_off | device_type=wifi,extra device_type=wifi,,
4955,ft wrong,iot,would you love to see,iot_hue_lightchange,general_quirky,intent general_quirky (gold iot_hue_lightchange),groq-qwen3.8-27b-k10,general_quirky,intent general_quirky (gold iot_hue_lightchange),,
11204,ft wrong,lists,important house information,lists_query,general_quirky,intent general_quirky (gold lists_query),groq-qwen3.8-27b-k10,qa_factoid | house_place=house,intent qa_factoid (gold lists_query); extra house_place=house,,
3114,ft wrong,music,i love this music can you please save this to my dance playlist and remember that i like it,music_likeness,music_likeness | playlist_name=dance playlist,extra playlist_name=dance playlist,groq-qwen3.8-27b-k10,music_likeness | playlist_name=dance playlist,extra playlist_name=dance playlist,,
837,ft wrong,news,what are the b. b. c. poll predictions for the upcoming us elections,news_query | media_type=b. b. c. poll; news_topic=upcoming us elections,news_query | media_type=b. b. c.; news_topic=us elections,media_type 'b. b. c.' (gold 'b. b. c. poll'); news_topic 'us elections' (gold 'upcoming us elections'),groq-qwen3.8-27b-k10,news_query | media_type=b. b. c.; news_topic=poll predictions; place_name=us; news_topic=elections,media_type 'b. b. c.' (gold 'b. b. c. poll'); news_topic 'elections' (gold 'upcoming us elections'); extra news_topic=poll predictions; extra place_name=us,,
3623,ft wrong,news,what is going on in the world today,news_query | date=today,news_query | place_name=world; date=today,extra place_name=world,groq-qwen3.8-27b-k10,news_query | place_name=world; date=today,extra place_name=world,,
13188,ft wrong,news,tell me how are the results of assembly elections in delhi going to come out,news_query | place_name=delhi,news_query | news_topic=assembly elections; place_name=delhi,extra news_topic=assembly elections,groq-qwen3.8-27b-k10,news_query | news_topic=assembly elections; place_name=delhi,extra news_topic=assembly elections,,
296,ft wrong,play,play a nirvana playlist,play_music | playlist_name=nirvana playlist,play_music | artist_name=nirvana,missing playlist_name=nirvana playlist; extra artist_name=nirvana,groq-qwen3.8-27b-k10,play_music | artist_name=nirvana,missing playlist_name=nirvana playlist; extra artist_name=nirvana,,
329,ft wrong,play,seven years,play_music | song_name=seven years,datetime_query | time=seven years,intent datetime_query (gold play_music); 'seven years' as time (gold song_name),groq-qwen3.8-27b-k10,datetime_query | time=seven years,intent datetime_query (gold play_music); 'seven years' as time (gold song_name),,
1123,ft wrong,play,next play justin bieber's sorry,play_music | artist_name=justin bieber's; song_name=sorry,play_music | artist_name=justin bieber's,missing song_name=sorry,groq-qwen3.8-27b-k10,play_music | artist_name=justin bieber's; song_name=sorry,none,,
1124,ft wrong,play,get sia's cheap thrills ready to play next,play_music | artist_name=sia's; song_name=cheap thrills,play_music | song_name=sia's cheap thrills,song_name 'sia's cheap thrills' (gold 'cheap thrills'); missing artist_name=sia's,groq-qwen3.8-27b-k10,play_music | artist_name=sia; song_name=cheap thrills,artist_name 'sia' (gold 'sia's'),,
1832,ft wrong,play,play coldplay album,play_music | playlist_name=coldplay,play_music | artist_name=coldplay,'coldplay' as artist_name (gold playlist_name),groq-qwen3.8-27b-k10,play_music | artist_name=coldplay; media_type=album,'coldplay' as artist_name (gold playlist_name); extra media_type=album,,
2560,ft wrong,play,play random music,play_music,play_music | music_descriptor=random,extra music_descriptor=random,groq-qwen3.8-27b-k10,play_music,none,,
6045,ft wrong,play,add selected song,play_music,music_likeness,intent music_likeness (gold play_music),groq-qwen3.8-27b-k10,music_likeness,intent music_likeness (gold play_music),,
6633,ft wrong,play,video games,play_game,play_game | game_type=video,extra game_type=video,groq-qwen3.8-27b-k10,play_game | game_type=video,extra game_type=video,,
9363,ft wrong,play,let's play hits on the radio,play_radio,play_radio | radio_name=hits,extra radio_name=hits,groq-qwen3.8-27b-k10,play_radio | music_descriptor=hits,extra music_descriptor=hits,,
9519,ft wrong,play,play any pop f. m. channel,play_radio | music_genre=pop; radio_name=f. m.,play_radio | radio_name=pop f. m.,radio_name 'pop f. m.' (gold 'f. m.'); missing music_genre=pop,groq-qwen3.8-27b-k10,play_radio | radio_name=pop f. m.,radio_name 'pop f. m.' (gold 'f. m.'); missing music_genre=pop,,
9855,ft wrong,play,start audio playback of twilight again,play_audiobook | player_setting=start; audiobook_name=twilight,play_audiobook | player_setting=start; media_type=audio; audiobook_name=twilight,extra media_type=audio,groq-qwen3.8-27b-k10,play_audiobook | player_setting=start; audiobook_name=twilight,none,,
14382,ft wrong,qa,how big is the empire state building,qa_factoid,qa_factoid | place_name=the empire state building,extra place_name=the empire state building,groq-qwen3.8-27b-k10,qa_factoid,none,,
8822,ft wrong,recommendation,info of the upcoming events,recommendation_events,calendar_query,intent calendar_query (gold recommendation_events),groq-qwen3.8-27b-k10,calendar_query,intent calendar_query (gold recommendation_events),,
12054,ft wrong,recommendation,what's happening around town,recommendation_events | place_name=around town,recommendation_events,missing place_name=around town,groq-qwen3.8-27b-k10,recommendation_events | place_name=town,place_name 'town' (gold 'around town'),,
12073,ft wrong,recommendation,refer local current events,recommendation_events | event_name=local current events,recommendation_events,missing event_name=local current events,groq-qwen3.8-27b-k10,recommendation_events,missing event_name=local current events,,
14792,ft wrong,recommendation,where is a walking trail near me,recommendation_locations,recommendation_locations | business_type=walking trail,extra business_type=walking trail,groq-qwen3.8-27b-k10,recommendation_locations | business_type=walking trail,extra business_type=walking trail,,
15155,ft wrong,social,can you upload my latest selfie in my facebook account,social_post | media_type=facebook account,social_post | media_type=facebook,media_type 'facebook' (gold 'facebook account'),groq-qwen3.8-27b-k10,social_post | media_type=facebook,media_type 'facebook' (gold 'facebook account'),,
15454,ft wrong,social,tweet at united airlines i'm angry you lost my bags,social_post | media_type=tweet; business_name=united airlines,social_post | media_type=tweet; business_name=at united airlines,business_name 'at united airlines' (gold 'united airlines'),groq-qwen3.8-27b-k10,social_post | media_type=tweet; business_name=at united airlines,business_name 'at united airlines' (gold 'united airlines'),,
668,ft wrong,takeaway,i want two burgers and one coke order it fast,takeaway_order | food_type=burgers; food_type=coke,takeaway_order | food_type=burgers; drink_type=coke,'coke' as drink_type (gold food_type),groq-qwen3.8-27b-k10,takeaway_order | food_type=burgers; drink_type=coke,'coke' as drink_type (gold food_type),,
12240,ft wrong,transport,what is the traffic like on my commute home at five,transport_query | place_name=home; time=five,transport_traffic | time=five,intent transport_traffic (gold transport_query); missing place_name=home,groq-qwen3.8-27b-k10,transport_traffic | place_name=home; time=five,intent transport_traffic (gold transport_query),,
12340,ft wrong,transport,can you please book train tickets for two for this friday,transport_ticket | transport_type=train; date=friday,transport_ticket | transport_type=train; date=this friday,date 'this friday' (gold 'friday'),groq-qwen3.8-27b-k10,transport_ticket | transport_type=train; date=friday,none,,
